{
  "releases": [
    {
      "name": "Latest Release",
      "locs": {
        "ESP8266": "http://ghrelease.cesanta.com/cesanta/mongoose-iot/latest/mongoose-iot-esp8266-*.zip",
        "CC3200": "http://ghrelease.cesanta.com/cesanta/mongoose-iot/latest/mongoose-iot-cc3200-*.zip"
      }
    },
    {
      "name": "Development Snapshot",
      "locs": {
        "ESP8266": "https://backend.cesanta.com/devel/mongoose-iot-esp8266-last.zip",
        "CC3200": "https://backend.cesanta.com/devel/mongoose-iot-cc3200-last.zip"
      }
    }
  ]
}
